Tag,Products Tagged
Unisex,6329
Accessory,4297
Football,3982
Premier League,3081
Collectable,2363
Standard,1942
Age 14+,1655
Mini,690
Action Figure,647
Price 15,631
Harry Potter,596
Sports,581
Clothing,555
Price 6,520
Liverpool FC,516
Price 3,498
NECA,485
Price 10,444
Age 6+,406
Age 3+,405
Arsenal FC,389
7 Inch,379
Price 4,377
Chelsea FC,375
Price 14,369
Male,359
Keychain,341
Scottish Premiership,339
Female,324
T-Shirt,323
Price 7,321
Vinyl Figure,308
Price 8,304
Price 5,295
Price 16,293
Ring,293
Price 12,289
Teenage Mutant Ninja Turtles,288
Price 9,284
Large,283
Tottenham Hotspur,283
West Ham United,272
Manchester City,252
Newcastle United,231
Celtic FC,212
Mug,212
Price 13,203
Price 18,200
Price 20,200
Bracelet,187
Poster,187
Price 11,184
La Liga,181
Disney,180
SoccerStarz,178
Marvel,169
Price 17,162
Price 19,157
Toy,156
Age 8+,150
Price 45,145
Pin,143
Rangers FC,136
DC Comics,131
England,131
Cufflinks,130
Plush,128
Price 24,124
Star Wars,118
4 Inch,113
Manchester United,110
Price 50,110
Cap,109
Manchester City FC,109
Small,109
Wallet,107
6 Inch,103
Price 25,103
Trading Cards,99
MINIX,98
Nintendo,98
Aston Villa FC,94
Trick or Treat Studios,93
Mask,92
Everton FC,91
Medium,90
Price 2,88
Calendar,87
Price 22,87
Sanrio,87
Watch,87
Price 23,86
FC Barcelona,82
Batman,79
Bushiroad,79
Price 42,79
Rugby,79
Towel,79
Price 38,78
Stranger Things,78
Tottenham Hotspur FC,78
Leicester City FC,76
Lilo & Stitch,76
Super Mario,76
Beanie,75
Duvet Set,75
Key,75
8 Inch,74
Drinks Bottle,74
Limited Edition,74
Birthday Card,72
Mezco Toyz,71
Necklace,70
Puzzle,70
One Size,68
Price 30,67
Backpack,66
Price 40,66
Sticker,66
Dog Tag,65
Pendant,65
Pen,62
Real Madrid,62
Scarf,62
Price 35,61
Wall Sign,60
Stitch,59
Wednesday,59
Age 13+,58
Cushion,58
Price 28,58
Notebook,56
Price 26,55
Price 52,55
Gift Wrap,52
Greeting Card,52
Keyring,52
Pencil Case,52
Rugby Union,51
Badge,50
Blanket,50
Crystal Palace FC,50
A5,49
Bodysuit,49
Lunch Bag,49
Replica,49
Statue,49
Age 7+,48
Wicked,48
Minecraft,47
Sleepsuit,47
Charm,45
Gremlins,45
Price 29,45
Price 27,44
Universal Monsters,44
Air Freshener,43
Flag,43
Serie A,43
Halloween,42
Playmat,41
Price 34,41
Coaster,40
Earrings,40
Pokémon,40
Price 47,38
Trading Card Game Deck,38
10 Inch,37
Earring,37
Hello Kitty,37
Ligue 1,37
Pendant & Chain,37
Price 21,37
Scotland,37
Spider-Man,37
Thermal Flask,37
Beetlejuice,36
Bookmark,36
Pusheen,36
The Lord of the Rings,36
The Pokémon Company,36
Fulham FC,35
Price 33,35
Tie Slide,35
Tote Bag,35
Wristband,35
Boot Bag,34
Friends,34
Gym Bag,34
Michael Myers,34
OzBozz,34
Wolverhampton Wanderers FC,34
Price 43,33
The Beatles,33
Age 12+,32
Good Smile Company,32
Nottingham Forest FC,32
Sockers,32
The Legend of Zelda,32
UniVersus,32
Stud Earring,31
Lucasfilm,30
Pokemon,30
Trading Card Game,30
Warner Bros,30
Wednesday Addams,30
Child's Play,29
Doormat,29
Hoodie,29
Mezco,29
Newcastle United FC,29
Price 36,29
Price 60,29
Scottish FA,29
Sign,29
Wizards of the Coast,29
A3,28
Diary,28
Fridge Magnet,28
Kuromi,28
Magic: The Gathering,28
NFL,28
Netflix,28
Age 0+,27
Barbie,27
Goalkeeper Gloves,27
Mattel,27
Predator,27
Warner Brothers,27
Age 5+,26
Bobblehead,26
Maxi,26
Pint Glass,26
Ravensburger,26
The Nightmare Before Christmas,26
1:24 Scale,25
Age 18+,25
Argentina,25
Back to the Future,25
Chucky,25
Stationery Set,25
20cm,24
Exclusive,24
Fleece Blanket,24
Junior,24
Mirage Comics,24
Price 55,24
Radio Controlled Car,24
Shin Pads,24
Bandai,23
Cardfight!! Vanguard,23
Framed Picture,23
Lanyard,23
Leonardo,23
One Piece,23
Pennywise,23
Raphael,23
Super7,23
The Mandalorian,23
Tumbler,23
Youth,23
A Nightmare on Elm Street,22
Avengers,22
Gift Bag,22
Gloves,22
Grogu,22
Price 48,22
Rick and Morty,22
South Park,22
Travel Mug,22
Wall Clock,22
15 Inch,21
Bluey,21
Donatello,21
Funko,21
Wales,21
Doll,20
Freddy Krueger,20
Hasbro,20
International Football,20
Michelangelo,20
PSG,20
Bar Set,19
Ghostbusters,19
Gift Set,19
Glasses Case,19
Hedwig,19
Hermione Granger,19
Jumper,19
Luna Lovegood,19
Price 64,19
Price 91,19
Scooter,19
Sticker Set,19
Topps,19
Bust,18
Dobby,18
Friday the 13th,18
Iron Maiden,18
Leatherface,18
Ornament,18
UEFA Champions League,18
Universus,18
Eddie,17
Hair Scrunchie,17
Jurassic Park,17
Juventus FC,17
Marvel Comics,17
Playing Cards,17
Superman,17
Water Bottle,17
12 Inch,16
Basketball,16
Gizmo,16
Mug & Sock Set,16
Pennant,16
Price 32,16
Price 37,16
Single,16
The Witcher,16
6.5 Inch,15
Barcelona,15
House of 1000 Corpses,15
Jason Voorhees,15
Nendoroid,15
Pikachu,15
Playmates Toys,15
Shadowverse: Evolve,15
Stress Ball,15
Trading Card Game Starter Deck,15
5 Inch,14
9-12 Months,14
AC/DC,14
Alien,14
Art the Clown,14
Card Holder,14
Card Sleeves,14
Casey Jones,14
Deadpool,14
Godzilla,14
Guardians of the Galaxy,14
IT,14
Magnet,14
Paris Saint-Germain,14
Price 1,14
Price 51,14
Price 89,14
R,14
SpongeBob SquarePants,14
Terrifier,14
The Rolling Stones,14
Darth Vader,13
Doctor Who,13
Game of Thrones,13
Garden Gnome,13
Joker,13
Kidrobot,13
Killer Klowns from Outer Space,13
Price 39,13
Price 53,13
Price 57,13
Price 66,13
Price 74,13
T-Shirt and Shorts Set,13
Universal Pictures,13
Warner Bros.,13
Watford FC,13
18 Inch,12
6-9 months,12
9 Inch,12
Attack on Titan,12
Bundesliga,12
Cinnamoroll,12
Collectable Figure,12
Creeper,12
Framed Print,12
Harley Quinn,12
Head Knocker,12
It,12
Pink Floyd,12
Premium Collectibles Studio,12
Price 62,12
Price 76,12
Rug,12
Sonic the Hedgehog,12
The Addams Family,12
Window Sign,12
Annual,11
April O'Neil,11
Board Game,11
Body Knocker,11
Care Bears,11
Disney Lorcana,11
Earring Set,11
England RFU,11
Gabby's Dollhouse,11
Inter Milan,11
Junji Ito,11
Konami,11
Living Dead Dolls,11
Motorsport,11
Paw Patrol,11
Portugal,11
Price 58,11
Skateboard,11
The Child,11
Universal,11
Yu-Gi-Oh!,11
16 Inch x 12 Inch,10
6-9 Months,10
7-11 UK,10
Accessory Set,10
Action Figure Set,10
Captain Spaulding,10
Card,10
Critical Role,10
Digital Watch,10
Dungeons & Dragons,10
Elvira,10
Glinda,10
Jaws,10
Misfits,10
Money Clip,10
Mug & Coaster Set,10
My Melody,10
Price 172,10
Price 78,10
Primeira Liga,10
S,10
Saw,10
Shot Glass,10
Shredder,10
Sonic,10
Stein Glass Tankard,10
The Texas Chainsaw Massacre,10
ToT,10
Wood Print,10
Xbox,10
3-6 months,9
5cm,9
9-12 Mths,9
Addams Family,9
Captain America,9
Card Case,9
Desk Lamp,9
Digimon,9
English Football League,9
Fantasy Flight Games,9
Football Pump,9
Groot,9
Hip Flask,9
Iron Man,9
Jack Skellington,9
Jurassic World,9
Lorcana,9
Nirvana,9
Price 54,9
Radio Control Car,9
Roger Hargreaves,9
Scream,9
Signed Shirt,9
Soft Ball,9
Spain,9
Square Enix,9
Stormtrooper,9
T-Shirt Dress,9
The Conjuring Universe,9
Timmy Bear,9
Wales RU,9
Winnie the Pooh,9
Wish,9
12-18 Months,8
Animal Crossing,8
Annabelle,8
Archie Comics,8
Armband,8
Aston Villa,8
David Bowie,8
Despicable Me,8
E.T.,8
Elphaba,8
Encanto,8
England FA,8
English Football League Championship,8
Evil Dead,8
FIFA World Cup,8
Fate/Grand Order,8
Fidget Pen,8
Formula 1,8
Fuse,8
Ghost Face,8
Goal Set,8
Hammer Horror,8
Hololive,8
Kotobukiya,8
Legend Story Studios,8
Mario,8
Mickey Mouse,8
Pen & Keyring Set,8
Pen & Pencil Set,8
Peppa Pig,8
Phil Foden,8
Phone Case,8
Price 49,8
Price 79,8
Price 86,8
Queen,8
Sam,8
Star Trek,8
Table Football Game,8
The Lion King,8
Training Goal,8
Youtooz,8
0/3 mths,7
1:18 Scale,7
3-6 Months,7
6-9 Mths,7
9-12 months,7
ALF,7
Age 4+,7
An American Werewolf in London,7
Atletico Madrid,7
Baseball,7
Bauble,7
Dragon Ball Super,7
E.T. the Extra-Terrestrial,7
EFL Championship,7
FIFA Women's World Cup,7
Fawkes,7
Final Fantasy,7
Flesh and Blood,7
Headband,7
Jersey,7
L.O.L. Surprise,7
LED Sign,7
League of Legends,7
NBA,7
New York Giants,7
Price 0,7
Price 100,7
Price 112,7
Price 330,7
Price 41,7
Price 59,7
Price 67,7
Price 70,7
Real Madrid CF,7
Rocky,7
Rubik's,7
SS Lazio,7
Shadowverse,7
Signed Framed Shirt,7
Size 2,7
SuperHeroes Inc.,7
Thing,7
Trading Card Deck,7
Training Ball,7
Weiss Schwarz,7
Yoshi,7
14 Inch,6
16 Inch,6
3 Inch,6
Angel,6
Baseball Cap,6
Bayern Munich,6
Beer Glass,6
Bib,6
Big Bobble Hats,6
Billy,6
Bob Marley,6
Call of Duty,6
Cufflink Set,6
Darts Set,6
Decal,6
Declan Rice,6
Desk Mat,6
Diego Maradona,6
Dragon Ball Z,6
Elvis Presley,6
Erling Haaland,6
Ghost,6
Hatsune Miku,6
K-Pop Demon Hunters,6
Kevin De Bruyne,6
Lamborghini,6
Lamine Yamal,6
Lord of the Rings,6
Marty McFly,6
McFarlane Toys,6
MetaZoo,6
Minion,6
Minnie Mouse,6
Mr. Men and Little Miss,6
Naruto,6
PJ Masks,6
Patch,6
Picture Frame,6
Pogo Stick,6
Price 151,6
Price 186,6
Price 69,6
Price 71,6
Riftbound,6
RoboCop,6
Soccerstarz,6
Socks,6
Stadium Sign,6
Star Trek: Lower Decks,6
Stud Earrings,6
Subbuteo,6
Sunglasses,6
Syn,6
T-Shirt and Short Set,6
Texas Chainsaw Massacre,6
The Dark Knight,6
The Exorcist,6
The Munsters,6
The Texas Chain Saw Massacre,6
The Umbrella Academy,6
Tie,6
Tiffany,6
Trick 'r Treat,6
Wall Sticker,6
Weiß Schwarz,6
Winnie The Pooh,6
12-18 months,5
3-6 Mths,5
3.75 Inch,5
50th Anniversary,5
Alexis Mac Allister,5
Aliens,5
American Football,5
Bangle,5
Beavis and Butt-Head,5
Ben Cooper,5
Booster Pack,5
Bruno Fernandes,5
Bucket Hat,5
Chewbacca,5
Clock,5
Cobra Kai,5
Dark Horse,5
Diorama,5
Dracula,5
FIFA,5
Foam Football,5
Football's Finest,5
Framed Shirt,5
Glass,5
Golden Snitch,5
Heroes On Demand,5
Holdall,5
Hulk,5
Ice Hockey,5
Keyring & Badge Set,5
Lap Tray,5
Lilo and Stitch,5
Lionel Messi,5
Mini Boxing Gloves,5
Minions,5
Mohamed Salah,5
NHL,5
Oasis,5
Pedri,5
Pitcher,5
Polo Shirt,5
Poncho Blanket,5
Price 56,5
Price 68,5
Price 72,5
Price 90,5
Price 95,5
Q,5
Rugby Ball,5
Scottish Premier League,5
Shoulder Bag,5
Silicone Tray,5
Sonic The Hedgehog,5
Stein,5
Sticker Pack,5
Sticker Sheet,5
Street Fighter 6,5
Stripe,5
Syndicate Collectibles,5
T,5
Tankard,5
The Crow,5
The Fiend,5
The Flash,5
The Godfather,5
The Lost Boys,5
Trading Card,5
Trading Card Booster,5
Trading Card Booster Pack,5
U,5
Wall Banner,5
X-Men,5
null,5
1/6 Scale,4
12/18 mths,4
17 Inch,4
1:6 Scale,4
2 Inch,4
6-11 UK,4
60cm,4
A4,4
AC Milan,4
Accessory Pack,4
Activision,4
Advent Calendar,4
Age null,4
Among Us,4
Arcane,4
Asha,4
Bag Charm,4
Batman: The Animated Series,4
Beach Towel,4
Bernardo Silva,4
Blitz,4
Bobble Hat,4
Book,4
Bottle Opener,4
Bowser,4
Brazil,4
Bukayo Saka,4
Car Sign,4
Cartman,4
Charm Bead,4
Charm Bracelet,4
Clothing Set,4
Coraline,4
Creepshow,4
David Raya,4
Dawn of the Dead,4
Decal Set,4
Deluxe Edition,4
Demogorgon,4
Dominik Szoboszlai,4
Duffle Bag,4
Eeyore,4
Enzo Fernández,4
Eraser Set,4
FA Wales,4
FC Porto,4
Face Mask,4
Fantastic Beasts,4
Feeding Bottle,4
Foot Assassin,4
Frankenstein,4
Fridge Magnet Set,4
Friendship Bracelet,4
G.I. Joe,4
Gandalf,4
Greetings Card,4
Hair Band,4
Hair Clip,4
Iron Studios,4
Jack Grealish,4
Jacket,4
James Bond,4
James Maddison,4
Julian Alvarez,4
Kansas City Chiefs,4
Karai,4
Kenny,4
Knitted Jumper,4
Luggage Tag,4
M3GAN,4
MGA Entertainment,4
Metal Sign,4
Mirabel,4
Monkey D. Luffy,4
Mood Light,4
Mr Bump,4
Mug and Sock Set,4
Naruto Uzumaki,4
Nickelodeon,4
Norwich City FC,4
Pencil Set,4
Pin Badge,4
Pin Badge Set,4
Popeye,4
Price 108,4
Price 110,4
Price 120,4
Price 122,4
Price 125,4
Price 155,4
Price 168,4
Price 177,4
Price 31,4
Price 350,4
Price 400,4
Price 46,4
Price 63,4
Price 65,4
Price 73,4
Price 85,4
Pumpkinhead,4
Puppet Prop,4
Regan,4
Riverdale,4
SL Benfica,4
Scottish Premier Division,4
Shirt and Short Set,4
Spin Master,4
Squid Game,4
Squishmallows,4
Storage Cube,4
T-1000,4
The Idolmaster Cinderella Girls,4
The Last Ronin,4
The Mummy,4
The Pokémon Company International,4
The Thing,4
Thor,4
Tie Slide & Cufflink Set,4
Touken Ranbu Online,4
Trading Card Bundle,4
Umbrella,4
V,4
Virgil van Dijk,4
Walkie Talkie,4
Wall Light,4
Wolf Man,4
Wonder Woman,4
1/4 Scale,3
12-18 Mths,3
20 Inch,3
6/9 mths,3
7-11,3
7-8 Yrs,3
7.5 Inch,3
8.5 Inch,3
89cm,3
Action Figure Stand,3
Alarm Clock,3
Albus Dumbledore,3
Antoine Griezmann,3
Aquarius,3
Ariana Grande,3
Ash,3
Assassin's Creed,3
Atlético Madrid,3
Axe Cop,3
Basketball Set,3
Bing,3
Blind Box,3
Boba Fett,3
Borussia Dortmund,3
Breaking Bad,3
Buffy The Vampire Slayer,3
Casey Marie,3
Coaster Set,3
Cody Gakpo,3
Cole Palmer,3
Colorful Stage,3
Count Orlok,3
Cristiano Ronaldo,3
Cross Body Bag,3
Curtis Jones,3
Dark Horse Comics,3
Din Djarin,3
Dinosaurs,3
Disney Princess,3
Doc Brown,3
Donkey Kong,3
Double,3
Double Dragon,3
DreamWorks,3
Dune,3
Enid Sinclair,3
Eric Draven,3
FC Bayern Munich,3
Fatso,3
Ferrari,3
Fiend,3
Flip Flops,3
Foot Soldier,3
Frankenstein's Monster,3
Freddie Mercury,3
Frozen,3
Garfield,3
Gavi,3
Geralt of Rivia,3
Ghoulies,3
Hair Accessory Set,3
Hanging Dice,3
Heroes Inc,3
Hooded Poncho,3
House of the Dragon,3
Jarrod Bowen,3
Jason,3
Jewellery Set,3
Joe Gomez,3
John Stones,3
Jude Bellingham,3
Jujutsu Kaisen,3
Kenny Dalglish,3
Kids,3
Killer Klowns From Outer Space,3
King Kong,3
Kiss,3
Kylian Mbappe,3
La Casa De Papel,3
Land Rover,3
Link,3
Little Armory,3
Looney Tunes,3
Loungefly,3
M,3
Marc Cucurella,3
Martin Odegaard,3
McLaren,3
Microsoft,3
Mind Flayer,3
Mistress of the Dark,3
My Hero Academia,3
Nameless Ghoul,3
Naruto Shippuden,3
Naruto: Shippuden,3
Nebulus,3
Necklace & Earrings Set,3
Nike,3
Nosferatu,3
Odyn,3
Paris Saint Germain,3
Peaky Blinders,3
Pele,3
Pen Set,3
Pencil,3
Photo Frame,3
Pittsburgh Steelers,3
PlayStation,3
Price 103,3
Price 119,3
Price 121,3
Price 126,3
Price 138,3
Price 143,3
Price 163,3
Price 343,3
Price 380,3
Price 83,3
Price 98,3
Princess Peach,3
Prop Replica,3
Rambo,3
Rat King,3
Return of the Living Dead,3
Rick Sanchez,3
Robin,3
Rogue One,3
Roleplay Mask,3
Ron Weasley,3
SD,3
SD Toys,3
Scarface,3
Scooby-Doo,3
Sega,3
Shirt & Short Set,3
Shorty,3
Shot Glass Set,3
Signed,3
Signet Ring,3
Slim,3
Snapback Cap,3
Sporting CP,3
Sticker Roll,3
Sunderland AFC,3
Sweatshirt,3
Table Top Football Game,3
Taylor Swift,3
Terminator 2: Judgment Day,3
The Batman,3
The Big Bang Theory,3
The Creep,3
The Goonies,3
The Grinch,3
The Phantom of the Opera,3
The Pokemon Company,3
The Return of the Living Dead,3
The Walking Dead,3
Thermal Bottle,3
Toad,3
Toiletry Bag,3
Top Gun,3
Toxic Crusaders,3
Toxie,3
Toy Story,3
Trading Card Game Starter Set,3
Transformers,3
UCC,3
Uno,3
Usagi Yojimbo,3
Vegeta,3
WandaVision,3
XL,3
Xenomorph,3
Yoda,3
0-3 Months,2
0-3 Mths,2
0-3 months,2
101 Dalmatians,2
12/18 months,2
13 Inch,2
1:1 Scale,2
1:3 Scale,2
1:43 Scale,2
20 cm,2
22 Inch,2
34mm,2
3D Puzzle,2
4.5 Inch,2
4.9 Inch,2
40mm,2
40th Anniversary,2
5.5 Inch,2
6/9 Months,2
6/9 months,2
9/12 Months,2
9/12 months,2
AFC Bournemouth,2
Ada Wong,2
Adult,2
Age 0-2,2
Age 16+,2
Age 17+,2
Agnes,2
Airport Zombie,2
Alessia Russo,2
Alisson Becker,2
Alpha Predator,2
Animaniacs,2
Ant-Man,2
Apron and Oven Mitt Set,2
Aragog,2
Arcade Machine Replica,2
Assassin Predator,2
Aston Martin,2
Avengers: Endgame,2
BB-8,2
BBC Studios,2
BanG Dream!,2
Barcelona FC,2
Bath Duck,2
Batman Beyond,2
Batman: Arkham City,2
Baxter Stockman,2
Beavis,2
Belgium,2
Beth Mead,2
Billie Eilish,2
Billy the Puppet,2
Black Chantry,2
Black Widow,2
Brian Laudrup,2
Bride of Frankenstein,2
British & Irish Lions,2
Bust Bank,2
Butt-Head,2
Calendar & Diary Set,2
Calvin Johnson,2
Captain Marvel,2
Car Badge,2
Car Decal,2
Car Hang,2
Car Mat,2
Car Scarf,2
Car Sunshade,2
Card Portfolio,2
Cardinal Copia,2
Cassian Andor,2
Caster/Gilgamesh,2
Catboy,2
Chase,2
Christmas Bauble,2
City Hunter,2
Cleveland Cavaliers,2
Cliff Richard,2
Club Mocchi Mocchi,2
Clubber Lang,2
Coca-Cola,2
Console Skin,2
Container Set,2
Count Dracula,2
Creature from the Black Lagoon,2
Cristian Romero,2
Cruella de Vil,2
Darkside Collectibles Studio,2
David,2
David Seaman,2
Deck Case,2
Defenders of the Earth,2
Dejan Kulusevski,2
Delta,2
Deluxe,2
Die Cast Model Car,2
Disney Classics,2
Display Stand,2
Doctor Satan,2
Don Vito Corleone,2
Dr. Killemoff,2
Dr. Loomis,2
Dungeons and Dragons,2
ED-209,2
Eaglemoss,2
Earl Sinclair,2
Eddie Munson,2
Eggzorcist,2
Eleven,2
Elton John,2
Enzo Fernandez,2
Exquisite Gaming,2
Ezio Auditore,2
Falcao,2
Feral Predator,2
Figma,2
Figure Set,2
Florian Wirtz,2
Foosball Table,2
Foot Enforcer,2
Foot Ninja,2
France,2
GWAR,2
Garden Sign,2
Gareth Bale,2
Gekko,2
Gel Pen Set,2
Geralt,2
Gift Box,2
Girls Band Cry,2
Golf Accessories Pack,2
Green Goblin,2
Gremlin,2
Guns N Roses,2
Guns N' Roses,2
Hand Puppet,2
Hannibal Lecter,2
Harry Kane,2
Haunt,2
Hellraiser,2
Henrik Larsson,2
Hercules,2
Herman Munster,2
Hooded Blanket,2
Hot Wheels,2
Ibrahima Konaté,2
Illumination,2
Infinity Collectables,2
Infinity Collectibles,2
Invisible Man,2
Itachi Uchiha,2
Jagwar,2
Jazwares,2
Jerry Only,2
Jewelry Set,2
Jimi Hendrix,2
Jinx,2
Joao Felix,2
John Carver,2
Jumbo,2
Jungle Hunter,2
Kai Havertz,2
King Features,2
Klownzilla,2
Krampus,2
Kyle,2
LED Light,2
Lamp,2
Last Ronin,2
Lauren James,2
Lautaro Martínez,2
Leah Williamson,2
Leatherhead,2
Leicester City,2
Lisandro Martinez,2
Little Miss Naughty,2
Little Miss Princess,2
Little Miss Sunshine,2
Loki,2
Luigi,2
Luis Diaz,2
Lycoris Recoil,2
Makeine Too Many Losing Heroines,2
Masters of the Universe,2
Mathew Horne,2
Matt Hooper,2
Mercedes-AMG,2
Mewtwo,2
Michael Jackson,2
Mini Bust,2
Moja,2
Morty,2
Mothra,2
Mr Men and Little Miss,2
Napoli,2
Newt Scamander,2
Nightmare Demon,2
Nightwing,2
Northern Ireland,2
Numskull Designs,2
Oracle Red Bull Racing,2
Overwatch,2
Owlette,2
Panda Khan,2
Paradox Ent.,2
Pee-wee Herman,2
Pen & Case,2
Pep Guardiola,2
Piglet,2
Pinhead,2
Plush Figure,2
Poncho,2
Pool Table,2
Price 107,2
Price 109,2
Price 115,2
Price 129,2
Price 146,2
Price 2207,2
Price 252,2
Price 258,2
Price 265,2
Price 275,2
Price 320,2
Price 353,2
Price 370,2
Price 44,2
Price 450,2
Price 475,2
Price 5284,2
Price 530,2
Price 82,2
Price 88,2
Price 93,2
Price 96,2
Puma,2
Puppet,2
Puzzle Game,2
Pyramid International,2
Quarter Scale,2
R2D2,2
Rare,2
Reece James,2
Regan MacNeil,2
Release the Spyce,2
Richarlison,2
Rocky Balboa,2
Rodan,2
Rodri,2
Ruben Dias,2
Rudy,2
Rurouni Kenshin,2
Ryan Kent,2
S.D. Toys,2
SEGA,2
Sauron,2
Scaler,2
Scrunchie,2
Sesame Street,2
Signed Boot,2
Signed Glove,2
Simba,2
Slimer,2
Solo Leveling,2
Splinter,2
Sports Watch,2
Stan,2
Street Fighter,2
String Lights,2
Strongheart,2
Stud Earring Set,2
Suicide Squad,2
Synja Patrol Bot,2
TMNT III,2
Tarman,2
Ted Lasso,2
Tekken 8,2
Thanksgiving,2
The Blues Brothers,2
The Creature,2
The Curse of Frankenstein,2
The Matrix,2
The Phantom,2
The Suicide Squad,2
The Toxic Avenger,2
The Witcher 3: Wild Hunt,2
Thierry Henry,2
Threezero,2
Tie Slide and Cufflink Set,2
Tigger,2
Tinker Bell,2
Tony Montana,2
Tony Stark,2
Trading Card Booster Display,2
Trading Card Game Accessory,2
Trading Card Game Bundle,2
Trading Card Game Deck Collection,2
Trading Card Game Set,2
Trading Card Game Tin,2
Trading Card Portfolio,2
Triceraton,2
Troy Polamalu,2
UEFA,2
Ultimate,2
Ultraman,2
Ultron,2
Valencia CF,2
Vampire: The Masquerade,2
Venom,2
Vinicius Jr,2
Vinyl Figure with Keyring,2
Vision,2
WWE,2
Wall-E,2
Wayward Sons,2
Wembley Stadium,2
Wizarding World,2
Women's Super League,2
Xenomorph XX121,2
Yi,2
Youths,2
Zarak,2
1/10 Scale,1
1/3 Scale,1
1/4 Inch,1
1/8th Scale,1
10.5 Inch,1
12/18 Months,1
12cm,1
16 Centimeter,1
16 x 12 Inch,1
"16"" x 12""",1
16.5 Inch,1
18 Cm,1
18-23 Months,1
18-23 Mths,1
18-23 mths,1
18-24 Months,1
1990 Movie,1
1:10 Scale,1
1:14 Scale,1
1:2 Scale,1
2/3 Years,1
20mm,1
24 Inch,1
3/6 months,1
30 Inch,1
30cm,1
30mm,1
31 Inch,1
34 Inch,1
35mm,1
3D Poster,1
40 Inch,1
40oz,1
43 (EU) / Size 9 (UK),1
5 Points,1
5-6 Inch,1
5-6 Yrs,1
50 Inch,1
50 cm,1
53 cm,1
6.25 Inch,1
60 Inch,1
63 cm,1
70 cm,1
8.25 Inch,1
A Clockwork Orange,1
AFC Richmond,1
AS Roma,1
Aardman Animations,1
Acamar Films,1
Accessories Set,1
Ace Duck,1
Achraf Hakimi,1
Action Figure Collectors Case,1
Action Figure Vehicle,1
Action Figure with Diorama,1
Action Figure with Vehicle,1
Activity Set,1
Adam Wharton,1
Adidas,1
Age 0-1,1
Age 0-3,1
Age 1+,1
Age 10+,1
Age 9+,1
Agent Venom,1
Ahab,1
Aichi Sendou,1
Aladdin,1
Alejandro Garnacho,1
Alex Murphy,1
Alice in Wonderland,1
Alien Warrior,1
Aliens vs Predator,1
Aliens: Fireteam Elite,1
Alisson,1
Alphonse Areola,1
Alphonso Davies,1
Alterian Inc.,1
Amad Diallo,1
Andrew Robertson,1
Angel Di Maria,1
Angus Young,1
Annual Guide,1
Anthony Gordon,1
Antonio Rudiger,1
Apollo Creed,1
Apple Corps,1
April (Nightwatcher),1
April O'Neill,1
Apron,1
Arcade Cabinet,1
Arcade1Up,1
Ardath Bey,1
Ariel,1
Army of Darkness,1
Arne Slot,1
Art Print,1
Artisans of Darkside Collectibles Studio,1
Arya Stark,1
Ash Williams,1
Astley Baker Davies,1
Attack Titan,1
Audi,1
Autograph Book & Pen Set,1
Avatar: The Last Airbender,1
Ave Mujica,1
Avengers Endgame,1
Avocado Solider,1
Ayakashi Triangle,1
BBC,1
BTS,1
Baby Sinclair,1
Babyface Killer,1
Back To The Future,1
Badge Set,1
Badtz-Maru,1
Baek Yoonho,1
Bag Clip,1
Balance Bike,1
Bald Demon,1
Ball,1
Bandit Gremlin,1
Bar Runner,1
Bardock,1
Bat Gremlin,1
Bat-Hound,1
Batgirl,1
Bath Toy,1
Baze Malbus,1
Beanie & Scarf Set,1
Beauty and the Beast,1
Beauty of Horror,1
Beckett Mariner,1
Bedivere,1
Bedroom Sign,1
Beetlejuice Beetlejuice,1
Ben,1
Ben White,1
Bendy Fashion Doll,1
Bert,1
Better Call Saul,1
Beyonder,1
Bianca Barclay,1
Biff Tannen,1
Big Chap,1
Bill and Ted's Excellent Adventure,1
Billy Lee,1
Bingo,1
Birds of Prey,1
Birmingham City FC,1
Black Kyurem ex,1
Black Panther,1
Blue Archive,1
Boar Predator,1
Board Game Expansion,1
Boat Zombie,1
Bob,1
Bob Belcher,1
Bob's Burgers,1
Boca Juniors,1
Bocchi the Rock!,1
Bolton Wanderers FC,1
Bon Jovi,1
Bon Scott,1
Boo,1
Boss Fight Studio,1
Boxing,1
Brad Boimler,1
Brain,1
Broly,1
Brooklyn Nets,1
Buffy the Vampire Slayer,1
Bugs Bunny,1
Build A Figure,1
Building Blocks Set,1
Burning Godzilla,1
CFR Studios,1
Cable Guy,1
Cable Holder,1
Caleb Widogast,1
Calendar & Diary Gift Set,1
Call of Duty: Black Ops 4,1
Candy Corn,1
Candy Corn / Jacob Atkins,1
Candyman,1
Canteen Bottle,1
Capcom,1
Captain Blake,1
Car Air Freshener,1
Car Hanging Accessory,1
Car Sticker,1
Card Sleeve Pack,1
Cardiff City FC,1
Carolina Panthers,1
Caster/Merlin,1
Cat Ghoulie,1
Catwoman,1
Cecilia,1
Cells at Work!,1
Championship,1
Charizard,1
Charlie Bear,1
Charm Set,1
Charm Stopper,1
Cheer Bear,1
Chicago Bears,1
Chio Miyamo,1
Chio's School Road,1
Chirpy,1
Choi Jong-In,1
Chote,1
Christmas Cracker,1
Chun-Li,1
Clay Morrow,1
Cleveland Browns,1
Cobi Toys,1
Coin,1
Coin Purse,1
Collegeville,1
Colorful Stage! Wonderlands×Showtime,1
Colouring Pencil Set,1
Colouring Pencils,1
Comforter,1
Comic,1
Conan,1
Conan the Barbarian,1
Conor Bradley,1
Constantine,1
Cornholio,1
Corpse Bride,1
Crash Bandicoot,1
Creature From the Black Lagoon,1
Croatian First Football League,1
Cryin' Houn',1
Cu Chulainn,1
Cute Little Star,1
Cynthia,1
DC,1
DC Collectibles,1
DC Universe,1
DTM,1
Daewoo,1
Daihannya Nagamitsu,1
Dallas Cowboys,1
Damien,1
Daniel Larusso,1
Dark Horse Deluxe,1
Dart Flight,1
Darts,1
David Kessler,1
Dean Henderson,1
Decapre,1
Deku,1
Dengeki Bunko,1
Denis Law,1
Denver Broncos,1
Der Klown,1
Desk Tidy,1
Desktop Calendar,1
Destro,1
Detroit Lions,1
Devil's Rejects,1
Diamond Select Toys,1
Dice,1
Diecast Replica,1
Diecast Ship,1
Diego,1
Diego Simeone,1
Diorama Accessory Set,1
Diorama Element,1
Disguise,1
Dissidia Final Fantasy,1
Doc Savage,1
Dog Alien,1
Dog Collar,1
Dog Creature,1
Dog Lead,1
Dominic Solanke,1
Don Corleone,1
Don Post Studios,1
Dr. Seuss,1
Dragon,1
Dragon Ball,1
Dreadmon,1
DreamWorks Animation,1
Drinkware Set,1
DuckTales,1
Duggee,1
Duke,1
Duncan Idaho,1
Dustin Henderson,1
EFL League Two,1
EU 42,1
EU 43,1
Eder Militao,1
Ederson,1
Elder Predator,1
Elite Foot Ninja,1
Elite Foot Ninja Guard,1
Elkhorn,1
Elliott,1
Elvira: Mistress of the Dark,1
Elvis Stitch,1
Emboar,1
Emile Smith Rowe,1
Emiliano Martinez,1
Emiliano Martínez,1
Emissary #1,1
Ender Dragon,1
England National Football Team,1
England National Team,1
Ensign D'Vana Tendi,1
Eraser,1
Eren,1
Eren Yeager,1
Ernie,1
Ethan Nwaneri,1
Evie Pig,1
Evil Ash,1
Evil Ed,1
Evil Gremlin,1
Evil Rex-1,1
Ezio,1
Fabio Carvalho,1
Farmer Vincent,1
Fashion Doll,1
Fernando Alonso,1
Ferran Torres,1
Fester,1
Fidget Game,1
Final Fantasy VII,1
Final Fantasy XV,1
Fish Ghoulie,1
Flash,1
Flash Gordon,1
Flasher Gremlin,1
Flask Set,1
Flesh And Blood,1
Fluffy Unicorn,1
Flyboy,1
Foot Ninja Guard,1
Football Association of Wales,1
Fortnite,1
Framed 3D Picture,1
Freddy vs Jason,1
Friendship Bracelet Set,1
Frieza,1
Frodo,1
FuRyu,1
Fugitoid,1
Futurama,1
GNK Dinamo Zagreb,1
Gabby,1
Gabby Cat,1
Gabriel Jesus,1
Gabriel Magalhães,1
Gabriel Martinelli,1
Galatasaray SK,1
Gameqbatorlabs Inc,1
Gamora,1
Gangreene Estates,1
Garchomp,1
Garfello,1
Gears of War,1
Gellert Grindelwald,1
Genghis Frog,1
Genie,1
Germany,1
Ghost Rider,1
Ghostface,1
Ghouliana,1
Gift Tin,1
Giorgi Mamardashvili,1
Glen,1
Glenn,1
Glenn Strange Frankenstein,1
Goatface,1
Gone with the Wind,1
Gonk,1
Good Luck Bear,1
Goofy,1
Goosebumps,1
Grandpa Munster,1
Green Lantern,1
Greta,1
Griff Tannen,1
Grimsword,1
Grog Strongjaw,1
Grumpy,1
Guardian Predator,1
Guerrilla Gorilla,1
Guglielmo Vicario,1
Guitar Hero,1
Gus Fring,1
Hades,1
Halloween 3: Season of the Witch,1
Halloween III: Season of the Witch,1
Halo,1
Hammer Head,1
Hammerhead,1
Han Solo,1
Handheld Game,1
Hanna-Barbera,1
Happy Death Day,1
Harmony Bear,1
HarperCollins Publishers,1
Harry Maguire,1
Harvey Elliott,1
Hatsune Miku: Colorful Stage!,1
Hearts FC,1
Hellblazer,1
Herbert West,1
Hey Duggee,1
Hibernian FC,1
Hit Girl,1
Hockey,1
Hooded Towel,1
Hopper,1
Howard Wolowitz,1
Huntrix,1
Hypnosis Mic,1
I-Chan,1
Ian Wright,1
Ibrahima Konate,1
Ilkay Gundogan,1
Illumination Entertainment,1
Illusive Concepts,1
Indiana Jones,1
Ingot,1
Interactive Camera,1
Interactive Doll,1
Invasion U.S.A.,1
Ipswich Town FC,1
Ivan Drago,1
Ivan Toney,1
JD Fenix,1
Jack,1
Jack Garland,1
Jack Torrance,1
James Justin,1
James Ward-Prowse,1
Jamie,1
Jaromir Jagr,1
Jasmine,1
Jeanne,1
Jeep,1
Jeepers Creepers,1
Jesse Pinkman,1
Jessica Jones,1
Jester Lavorre,1
Jigglypuff,1
Jigsaw Killer,1
Jim Hopper,1
Jimmy Lee,1
Jin,1
Jiro Yamada,1
John Barnes,1
Johnny Lawrence,1
Jon Bon Jovi,1
Jon Snow,1
Jordan Pickford,1
Jorginho,1
Journal,1
Joško Gvardiol,1
Judith Myers,1
Justice League,1
Jéremy Doku,1
K-POP Demon Hunters,1
K-Pop Demon Hunterz,1
KONOSUBA -God's blessing on this wonderful world!,1
Kate Middleton,1
Kazama Iroha,1
Keychain and Pin Badge Set,1
Keyring and Badge Gift Set,1
Tag,Products Tagged
Unisex,6329
Accessory,4297
Football,3982
Premier League,3081
Collectable,2363
Standard,1942
Age 14+,1655
Mini,690
Action Figure,647
Price 15,631
Harry Potter,596
Sports,581
Clothing,555
Price 6,520
Liverpool FC,516
Price 3,498
NECA,485
Price 10,444
Age 6+,406
Age 3+,405
Arsenal FC,389
7 Inch,379
Price 4,377
Chelsea FC,375
Price 14,369
Male,359
Keychain,341
Scottish Premiership,339
Female,324
T-Shirt,323
Price 7,321
Vinyl Figure,308
Price 8,304
Price 5,295
Price 16,293
Ring,293
Price 12,289
Teenage Mutant Ninja Turtles,288
Price 9,284
Large,283
Tottenham Hotspur,283
West Ham United,272
Manchester City,252
Newcastle United,231
Celtic FC,212
Mug,212
Price 13,203
Price 18,200
Price 20,200
Bracelet,187
Poster,187
Price 11,184
La Liga,181
Disney,180
SoccerStarz,178
Marvel,169
Price 17,162
Price 19,157
Toy,156
Age 8+,150
Price 45,145
Pin,143
Rangers FC,136
DC Comics,131
England,131
Cufflinks,130
Plush,128
Price 24,124
Star Wars,118
4 Inch,113
Manchester United,110
Price 50,110
Cap,109
Manchester City FC,109
Small,109
Wallet,107
6 Inch,103
Price 25,103
Trading Cards,99
MINIX,98
Nintendo,98
Aston Villa FC,94
Trick or Treat Studios,93
Mask,92
Everton FC,91
Medium,90
Price 2,88
Calendar,87
Price 22,87
Sanrio,87
Watch,87
Price 23,86
FC Barcelona,82
Batman,79
Bushiroad,79
Price 42,79
Rugby,79
Towel,79
Price 38,78
Stranger Things,78
Tottenham Hotspur FC,78
Leicester City FC,76
Lilo & Stitch,76
Super Mario,76
Beanie,75
Duvet Set,75
Key,75
8 Inch,74
Drinks Bottle,74
Limited Edition,74
Birthday Card,72
Mezco Toyz,71
Necklace,70
Puzzle,70
One Size,68
Price 30,67
Backpack,66
Price 40,66
Sticker,66
Dog Tag,65
Pendant,65
Pen,62
Real Madrid,62
Scarf,62
Price 35,61
Wall Sign,60
Stitch,59
Wednesday,59
Age 13+,58
Cushion,58
Price 28,58
Notebook,56
Price 26,55
Price 52,55
Gift Wrap,52
Greeting Card,52
Keyring,52
Pencil Case,52
Rugby Union,51
Badge,50
Blanket,50
Crystal Palace FC,50
A5,49
Bodysuit,49
Lunch Bag,49
Replica,49
Statue,49
Age 7+,48
Wicked,48
Minecraft,47
Sleepsuit,47
Charm,45
Gremlins,45
Price 29,45
Price 27,44
Universal Monsters,44
Air Freshener,43
Flag,43
Serie A,43
Halloween,42
Playmat,41
Price 34,41
Coaster,40
Earrings,40
Pokémon,40
Price 47,38
Trading Card Game Deck,38
10 Inch,37
Earring,37
Hello Kitty,37
Ligue 1,37
Pendant & Chain,37
Price 21,37
Scotland,37
Spider-Man,37
Thermal Flask,37
Beetlejuice,36
Bookmark,36
Pusheen,36
The Lord of the Rings,36
The Pokémon Company,36
Fulham FC,35
Price 33,35
Tie Slide,35
Tote Bag,35
Wristband,35
Boot Bag,34
Friends,34
Gym Bag,34
Michael Myers,34
OzBozz,34
Wolverhampton Wanderers FC,34
Price 43,33
The Beatles,33
Age 12+,32
Good Smile Company,32
Nottingham Forest FC,32
Sockers,32
The Legend of Zelda,32
UniVersus,32
Stud Earring,31
Lucasfilm,30
Pokemon,30
Trading Card Game,30
Warner Bros,30
Wednesday Addams,30
Child's Play,29
Doormat,29
Hoodie,29
Mezco,29
Newcastle United FC,29
Price 36,29
Price 60,29
Scottish FA,29
Sign,29
Wizards of the Coast,29
A3,28
Diary,28
Fridge Magnet,28
Kuromi,28
Magic: The Gathering,28
NFL,28
Netflix,28
Age 0+,27
Barbie,27
Goalkeeper Gloves,27
Mattel,27
Predator,27
Warner Brothers,27
Age 5+,26
Bobblehead,26
Maxi,26
Pint Glass,26
Ravensburger,26
The Nightmare Before Christmas,26
1:24 Scale,25
Age 18+,25
Argentina,25
Back to the Future,25
Chucky,25
Stationery Set,25
20cm,24
Exclusive,24
Fleece Blanket,24
Junior,24
Mirage Comics,24
Price 55,24
Radio Controlled Car,24
Shin Pads,24
Bandai,23
Cardfight!! Vanguard,23
Framed Picture,23
Lanyard,23
Leonardo,23
One Piece,23
Pennywise,23
Raphael,23
Super7,23
The Mandalorian,23
Tumbler,23
Youth,23
A Nightmare on Elm Street,22
Avengers,22
Gift Bag,22
Gloves,22
Grogu,22
Price 48,22
Rick and Morty,22
South Park,22
Travel Mug,22
Wall Clock,22
15 Inch,21
Bluey,21
Donatello,21
Funko,21
Wales,21
Doll,20
Freddy Krueger,20
Hasbro,20
International Football,20
Michelangelo,20
PSG,20
Bar Set,19
Ghostbusters,19
Gift Set,19
Glasses Case,19
Hedwig,19
Hermione Granger,19
Jumper,19
Luna Lovegood,19
Price 64,19
Price 91,19
Scooter,19
Sticker Set,19
Topps,19
Bust,18
Dobby,18
Friday the 13th,18
Iron Maiden,18
Leatherface,18
Ornament,18
UEFA Champions League,18
Universus,18
Eddie,17
Hair Scrunchie,17
Jurassic Park,17
Juventus FC,17
Marvel Comics,17
Playing Cards,17
Superman,17
Water Bottle,17
12 Inch,16
Basketball,16
Gizmo,16
Mug & Sock Set,16
Pennant,16
Price 32,16
Price 37,16
Single,16
The Witcher,16
6.5 Inch,15
Barcelona,15
House of 1000 Corpses,15
Jason Voorhees,15
Nendoroid,15
Pikachu,15
Playmates Toys,15
Shadowverse: Evolve,15
Stress Ball,15
Trading Card Game Starter Deck,15
5 Inch,14
9-12 Months,14
AC/DC,14
Alien,14
Art the Clown,14
Card Holder,14
Card Sleeves,14
Casey Jones,14
Deadpool,14
Godzilla,14
Guardians of the Galaxy,14
IT,14
Magnet,14
Paris Saint-Germain,14
Price 1,14
Price 51,14
Price 89,14
R,14
SpongeBob SquarePants,14
Terrifier,14
The Rolling Stones,14
Darth Vader,13
Doctor Who,13
Game of Thrones,13
Garden Gnome,13
Joker,13
Kidrobot,13
Killer Klowns from Outer Space,13
Price 39,13
Price 53,13
Price 57,13
Price 66,13
Price 74,13
T-Shirt and Shorts Set,13
Universal Pictures,13
Warner Bros.,13
Watford FC,13
18 Inch,12
6-9 months,12
9 Inch,12
Attack on Titan,12
Bundesliga,12
Cinnamoroll,12
Collectable Figure,12
Creeper,12
Framed Print,12
Harley Quinn,12
Head Knocker,12
It,12
Pink Floyd,12
Premium Collectibles Studio,12
Price 62,12
Price 76,12
Rug,12
Sonic the Hedgehog,12
The Addams Family,12
Window Sign,12
Annual,11
April O'Neil,11
Board Game,11
Body Knocker,11
Care Bears,11
Disney Lorcana,11
Earring Set,11
England RFU,11
Gabby's Dollhouse,11
Inter Milan,11
Junji Ito,11
Konami,11
Living Dead Dolls,11
Motorsport,11
Paw Patrol,11
Portugal,11
Price 58,11
Skateboard,11
The Child,11
Universal,11
Yu-Gi-Oh!,11
16 Inch x 12 Inch,10
6-9 Months,10
7-11 UK,10
Accessory Set,10
Action Figure Set,10
Captain Spaulding,10
Card,10
Critical Role,10
Digital Watch,10
Dungeons & Dragons,10
Elvira,10
Glinda,10
Jaws,10
Misfits,10
Money Clip,10
Mug & Coaster Set,10
My Melody,10
Price 172,10
Price 78,10
Primeira Liga,10
S,10
Saw,10
Shot Glass,10
Shredder,10
Sonic,10
Stein Glass Tankard,10
The Texas Chainsaw Massacre,10
ToT,10
Wood Print,10
Xbox,10
3-6 months,9
5cm,9
9-12 Mths,9
Addams Family,9
Captain America,9
Card Case,9
Desk Lamp,9
Digimon,9
English Football League,9
Fantasy Flight Games,9
Football Pump,9
Groot,9
Hip Flask,9
Iron Man,9
Jack Skellington,9
Jurassic World,9
Lorcana,9
Nirvana,9
Price 54,9
Radio Control Car,9
Roger Hargreaves,9
Scream,9
Signed Shirt,9
Soft Ball,9
Spain,9
Square Enix,9
Stormtrooper,9
T-Shirt Dress,9
The Conjuring Universe,9
Timmy Bear,9
Wales RU,9
Winnie the Pooh,9
Wish,9
12-18 Months,8
Animal Crossing,8
Annabelle,8
Archie Comics,8
Armband,8
Aston Villa,8
David Bowie,8
Despicable Me,8
E.T.,8
Elphaba,8
Encanto,8
England FA,8
English Football League Championship,8
Evil Dead,8
FIFA World Cup,8
Fate/Grand Order,8
Fidget Pen,8
Formula 1,8
Fuse,8
Ghost Face,8
Goal Set,8
Hammer Horror,8
Hololive,8
Kotobukiya,8
Legend Story Studios,8
Mario,8
Mickey Mouse,8
Pen & Keyring Set,8
Pen & Pencil Set,8
Peppa Pig,8
Phil Foden,8
Phone Case,8
Price 49,8
Price 79,8
Price 86,8
Queen,8
Sam,8
Star Trek,8
Table Football Game,8
The Lion King,8
Training Goal,8
Youtooz,8
0/3 mths,7
1:18 Scale,7
3-6 Months,7
6-9 Mths,7
9-12 months,7
ALF,7
Age 4+,7
An American Werewolf in London,7
Atletico Madrid,7
Baseball,7
Bauble,7
Dragon Ball Super,7
E.T. the Extra-Terrestrial,7
EFL Championship,7
FIFA Women's World Cup,7
Fawkes,7
Final Fantasy,7
Flesh and Blood,7
Headband,7
Jersey,7
L.O.L. Surprise,7
LED Sign,7
League of Legends,7
NBA,7
New York Giants,7
Price 0,7
Price 100,7
Price 112,7
Price 330,7
Price 41,7
Price 59,7
Price 67,7
Price 70,7
Real Madrid CF,7
Rocky,7
Rubik's,7
SS Lazio,7
Shadowverse,7
Signed Framed Shirt,7
Size 2,7
SuperHeroes Inc.,7
Thing,7
Trading Card Deck,7
Training Ball,7
Weiss Schwarz,7
Yoshi,7
14 Inch,6
16 Inch,6
3 Inch,6
Angel,6
Baseball Cap,6
Bayern Munich,6
Beer Glass,6
Bib,6
Big Bobble Hats,6
Billy,6
Bob Marley,6
Call of Duty,6
Cufflink Set,6
Darts Set,6
Decal,6
Declan Rice,6
Desk Mat,6
Diego Maradona,6
Dragon Ball Z,6
Elvis Presley,6
Erling Haaland,6
Ghost,6
Hatsune Miku,6
K-Pop Demon Hunters,6
Kevin De Bruyne,6
Lamborghini,6
Lamine Yamal,6
Lord of the Rings,6
Marty McFly,6
McFarlane Toys,6
MetaZoo,6
Minion,6
Minnie Mouse,6
Mr. Men and Little Miss,6
Naruto,6
PJ Masks,6
Patch,6
Picture Frame,6
Pogo Stick,6
Price 151,6
Price 186,6
Price 69,6
Price 71,6
Riftbound,6
RoboCop,6
Soccerstarz,6
Socks,6
Stadium Sign,6
Star Trek: Lower Decks,6
Stud Earrings,6
Subbuteo,6
Sunglasses,6
Syn,6
T-Shirt and Short Set,6
Texas Chainsaw Massacre,6
The Dark Knight,6
The Exorcist,6
The Munsters,6
The Texas Chain Saw Massacre,6
The Umbrella Academy,6
Tie,6
Tiffany,6
Trick 'r Treat,6
Wall Sticker,6
Weiß Schwarz,6
Winnie The Pooh,6
12-18 months,5
3-6 Mths,5
3.75 Inch,5
50th Anniversary,5
Alexis Mac Allister,5
Aliens,5
American Football,5
Bangle,5
Beavis and Butt-Head,5
Ben Cooper,5
Booster Pack,5
Bruno Fernandes,5
Bucket Hat,5
Chewbacca,5
Clock,5
Cobra Kai,5
Dark Horse,5
Diorama,5
Dracula,5
FIFA,5
Foam Football,5
Football's Finest,5
Framed Shirt,5
Glass,5
Golden Snitch,5
Heroes On Demand,5
Holdall,5
Hulk,5
Ice Hockey,5
Keyring & Badge Set,5
Lap Tray,5
Lilo and Stitch,5
Lionel Messi,5
Mini Boxing Gloves,5
Minions,5
Mohamed Salah,5
NHL,5
Oasis,5
Pedri,5
Pitcher,5
Polo Shirt,5
Poncho Blanket,5
Price 56,5
Price 68,5
Price 72,5
Price 90,5
Price 95,5
Q,5
Rugby Ball,5
Scottish Premier League,5
Shoulder Bag,5
Silicone Tray,5
Sonic The Hedgehog,5
Stein,5
Sticker Pack,5
Sticker Sheet,5
Street Fighter 6,5
Stripe,5
Syndicate Collectibles,5
T,5
Tankard,5
The Crow,5
The Fiend,5
The Flash,5
The Godfather,5
The Lost Boys,5
Trading Card,5
Trading Card Booster,5
Trading Card Booster Pack,5
U,5
Wall Banner,5
X-Men,5
null,5
1/6 Scale,4
12/18 mths,4
17 Inch,4
1:6 Scale,4
2 Inch,4
6-11 UK,4
60cm,4
A4,4
AC Milan,4
Accessory Pack,4
Activision,4
Advent Calendar,4
Age null,4
Among Us,4
Arcane,4
Asha,4
Bag Charm,4
Batman: The Animated Series,4
Beach Towel,4
Bernardo Silva,4
Blitz,4
Bobble Hat,4
Book,4
Bottle Opener,4
Bowser,4
Brazil,4
Bukayo Saka,4
Car Sign,4
Cartman,4
Charm Bead,4
Charm Bracelet,4
Clothing Set,4
Coraline,4
Creepshow,4
David Raya,4
Dawn of the Dead,4
Decal Set,4
Deluxe Edition,4
Demogorgon,4
Dominik Szoboszlai,4
Duffle Bag,4
Eeyore,4
Enzo Fernández,4
Eraser Set,4
FA Wales,4
FC Porto,4
Face Mask,4
Fantastic Beasts,4
Feeding Bottle,4
Foot Assassin,4
Frankenstein,4
Fridge Magnet Set,4
Friendship Bracelet,4
G.I. Joe,4
Gandalf,4
Greetings Card,4
Hair Band,4
Hair Clip,4
Iron Studios,4
Jack Grealish,4
Jacket,4
James Bond,4
James Maddison,4
Julian Alvarez,4
Kansas City Chiefs,4
Karai,4
Kenny,4
Knitted Jumper,4
Luggage Tag,4
M3GAN,4
MGA Entertainment,4
Metal Sign,4
Mirabel,4
Monkey D. Luffy,4
Mood Light,4
Mr Bump,4
Mug and Sock Set,4
Naruto Uzumaki,4
Nickelodeon,4
Norwich City FC,4
Pencil Set,4
Pin Badge,4
Pin Badge Set,4
Popeye,4
Price 108,4
Price 110,4
Price 120,4
Price 122,4
Price 125,4
Price 155,4
Price 168,4
Price 177,4
Price 31,4
Price 350,4
Price 400,4
Price 46,4
Price 63,4
Price 65,4
Price 73,4
Price 85,4
Pumpkinhead,4
Puppet Prop,4
Regan,4
Riverdale,4
SL Benfica,4
Scottish Premier Division,4
Shirt and Short Set,4
Spin Master,4
Squid Game,4
Squishmallows,4
Storage Cube,4
T-1000,4
The Idolmaster Cinderella Girls,4
The Last Ronin,4
The Mummy,4
The Pokémon Company International,4
The Thing,4
Thor,4
Tie Slide & Cufflink Set,4
Touken Ranbu Online,4
Trading Card Bundle,4
Umbrella,4
V,4
Virgil van Dijk,4
Walkie Talkie,4
Wall Light,4
Wolf Man,4
Wonder Woman,4
1/4 Scale,3
12-18 Mths,3
20 Inch,3
6/9 mths,3
7-11,3
7-8 Yrs,3
7.5 Inch,3
8.5 Inch,3
89cm,3
Action Figure Stand,3
Alarm Clock,3
Albus Dumbledore,3
Antoine Griezmann,3
Aquarius,3
Ariana Grande,3
Ash,3
Assassin's Creed,3
Atlético Madrid,3
Axe Cop,3
Basketball Set,3
Bing,3
Blind Box,3
Boba Fett,3
Borussia Dortmund,3
Breaking Bad,3
Buffy The Vampire Slayer,3
Casey Marie,3
Coaster Set,3
Cody Gakpo,3
Cole Palmer,3
Colorful Stage,3
Count Orlok,3
Cristiano Ronaldo,3
Cross Body Bag,3
Curtis Jones,3
Dark Horse Comics,3
Din Djarin,3
Dinosaurs,3
Disney Princess,3
Doc Brown,3
Donkey Kong,3
Double,3
Double Dragon,3
DreamWorks,3
Dune,3
Enid Sinclair,3
Eric Draven,3
FC Bayern Munich,3
Fatso,3
Ferrari,3
Fiend,3
Flip Flops,3
Foot Soldier,3
Frankenstein's Monster,3
Freddie Mercury,3
Frozen,3
Garfield,3
Gavi,3
Geralt of Rivia,3
Ghoulies,3
Hair Accessory Set,3
Hanging Dice,3
Heroes Inc,3
Hooded Poncho,3
House of the Dragon,3
Jarrod Bowen,3
Jason,3
Jewellery Set,3
Joe Gomez,3
John Stones,3
Jude Bellingham,3
Jujutsu Kaisen,3
Kenny Dalglish,3
Kids,3
Killer Klowns From Outer Space,3
King Kong,3
Kiss,3
Kylian Mbappe,3
La Casa De Papel,3
Land Rover,3
Link,3
Little Armory,3
Looney Tunes,3
Loungefly,3
M,3
Marc Cucurella,3
Martin Odegaard,3
McLaren,3
Microsoft,3
Mind Flayer,3
Mistress of the Dark,3
My Hero Academia,3
Nameless Ghoul,3
Naruto Shippuden,3
Naruto: Shippuden,3
Nebulus,3
Necklace & Earrings Set,3
Nike,3
Nosferatu,3
Odyn,3
Paris Saint Germain,3
Peaky Blinders,3
Pele,3
Pen Set,3
Pencil,3
Photo Frame,3
Pittsburgh Steelers,3
PlayStation,3
Price 103,3
Price 119,3
Price 121,3
Price 126,3
Price 138,3
Price 143,3
Price 163,3
Price 343,3
Price 380,3
Price 83,3
Price 98,3
Princess Peach,3
Prop Replica,3
Rambo,3
Rat King,3
Return of the Living Dead,3
Rick Sanchez,3
Robin,3
Rogue One,3
Roleplay Mask,3
Ron Weasley,3
SD,3
SD Toys,3
Scarface,3
Scooby-Doo,3
Sega,3
Shirt & Short Set,3
Shorty,3
Shot Glass Set,3
Signed,3
Signet Ring,3
Slim,3
Snapback Cap,3
Sporting CP,3
Sticker Roll,3
Sunderland AFC,3
Sweatshirt,3
Table Top Football Game,3
Taylor Swift,3
Terminator 2: Judgment Day,3
The Batman,3
The Big Bang Theory,3
The Creep,3
The Goonies,3
The Grinch,3
The Phantom of the Opera,3
The Pokemon Company,3
The Return of the Living Dead,3
The Walking Dead,3
Thermal Bottle,3
Toad,3
Toiletry Bag,3
Top Gun,3
Toxic Crusaders,3
Toxie,3
Toy Story,3
Trading Card Game Starter Set,3
Transformers,3
UCC,3
Uno,3
Usagi Yojimbo,3
Vegeta,3
WandaVision,3
XL,3
Xenomorph,3
Yoda,3
0-3 Months,2
0-3 Mths,2
0-3 months,2
101 Dalmatians,2
12/18 months,2
13 Inch,2
1:1 Scale,2
1:3 Scale,2
1:43 Scale,2
20 cm,2
22 Inch,2
34mm,2
3D Puzzle,2
4.5 Inch,2
4.9 Inch,2
40mm,2
40th Anniversary,2
5.5 Inch,2
6/9 Months,2
6/9 months,2
9/12 Months,2
9/12 months,2
AFC Bournemouth,2
Ada Wong,2
Adult,2
Age 0-2,2
Age 16+,2
Age 17+,2
Agnes,2
Airport Zombie,2
Alessia Russo,2
Alisson Becker,2
Alpha Predator,2
Animaniacs,2
Ant-Man,2
Apron and Oven Mitt Set,2
Aragog,2
Arcade Machine Replica,2
Assassin Predator,2
Aston Martin,2
Avengers: Endgame,2
BB-8,2
BBC Studios,2
BanG Dream!,2
Barcelona FC,2
Bath Duck,2
Batman Beyond,2
Batman: Arkham City,2
Baxter Stockman,2
Beavis,2
Belgium,2
Beth Mead,2
Billie Eilish,2
Billy the Puppet,2
Black Chantry,2
Black Widow,2
Brian Laudrup,2
Bride of Frankenstein,2
British & Irish Lions,2
Bust Bank,2
Butt-Head,2
Calendar & Diary Set,2
Calvin Johnson,2
Captain Marvel,2
Car Badge,2
Car Decal,2
Car Hang,2
Car Mat,2
Car Scarf,2
Car Sunshade,2
Card Portfolio,2
Cardinal Copia,2
Cassian Andor,2
Caster/Gilgamesh,2
Catboy,2
Chase,2
Christmas Bauble,2
City Hunter,2
Cleveland Cavaliers,2
Cliff Richard,2
Club Mocchi Mocchi,2
Clubber Lang,2
Coca-Cola,2
Console Skin,2
Container Set,2
Count Dracula,2
Creature from the Black Lagoon,2
Cristian Romero,2
Cruella de Vil,2
Darkside Collectibles Studio,2
David,2
David Seaman,2
Deck Case,2
Defenders of the Earth,2
Dejan Kulusevski,2
Delta,2
Deluxe,2
Die Cast Model Car,2
Disney Classics,2
Display Stand,2
Doctor Satan,2
Don Vito Corleone,2
Dr. Killemoff,2
Dr. Loomis,2
Dungeons and Dragons,2
ED-209,2
Eaglemoss,2
Earl Sinclair,2
Eddie Munson,2
Eggzorcist,2
Eleven,2
Elton John,2
Enzo Fernandez,2
Exquisite Gaming,2
Ezio Auditore,2
Falcao,2
Feral Predator,2
Figma,2
Figure Set,2
Florian Wirtz,2
Foosball Table,2
Foot Enforcer,2
Foot Ninja,2
France,2
GWAR,2
Garden Sign,2
Gareth Bale,2
Gekko,2
Gel Pen Set,2
Geralt,2
Gift Box,2
Girls Band Cry,2
Golf Accessories Pack,2
Green Goblin,2
Gremlin,2
Guns N Roses,2
Guns N' Roses,2
Hand Puppet,2
Hannibal Lecter,2
Harry Kane,2
Haunt,2
Hellraiser,2
Henrik Larsson,2
Hercules,2
Herman Munster,2
Hooded Blanket,2
Hot Wheels,2
Ibrahima Konaté,2
Illumination,2
Infinity Collectables,2
Infinity Collectibles,2
Invisible Man,2
Itachi Uchiha,2
Jagwar,2
Jazwares,2
Jerry Only,2
Jewelry Set,2
Jimi Hendrix,2
Jinx,2
Joao Felix,2
John Carver,2
Jumbo,2
Jungle Hunter,2
Kai Havertz,2
King Features,2
Klownzilla,2
Krampus,2
Kyle,2
LED Light,2
Lamp,2
Last Ronin,2
Lauren James,2
Lautaro Martínez,2
Leah Williamson,2
Leatherhead,2
Leicester City,2
Lisandro Martinez,2
Little Miss Naughty,2
Little Miss Princess,2
Little Miss Sunshine,2
Loki,2
Luigi,2
Luis Diaz,2
Lycoris Recoil,2
Makeine Too Many Losing Heroines,2
Masters of the Universe,2
Mathew Horne,2
Matt Hooper,2
Mercedes-AMG,2
Mewtwo,2
Michael Jackson,2
Mini Bust,2
Moja,2
Morty,2
Mothra,2
Mr Men and Little Miss,2
Napoli,2
Newt Scamander,2
Nightmare Demon,2
Nightwing,2
Northern Ireland,2
Numskull Designs,2
Oracle Red Bull Racing,2
Overwatch,2
Owlette,2
Panda Khan,2
Paradox Ent.,2
Pee-wee Herman,2
Pen & Case,2
Pep Guardiola,2
Piglet,2
Pinhead,2
Plush Figure,2
Poncho,2
Pool Table,2
Price 107,2
Price 109,2
Price 115,2
Price 129,2
Price 146,2
Price 2207,2
Price 252,2
Price 258,2
Price 265,2
Price 275,2
Price 320,2
Price 353,2
Price 370,2
Price 44,2
Price 450,2
Price 475,2
Price 5284,2
Price 530,2
Price 82,2
Price 88,2
Price 93,2
Price 96,2
Puma,2
Puppet,2
Puzzle Game,2
Pyramid International,2
Quarter Scale,2
R2D2,2
Rare,2
Reece James,2
Regan MacNeil,2
Release the Spyce,2
Richarlison,2
Rocky Balboa,2
Rodan,2
Rodri,2
Ruben Dias,2
Rudy,2
Rurouni Kenshin,2
Ryan Kent,2
S.D. Toys,2
SEGA,2
Sauron,2
Scaler,2
Scrunchie,2
Sesame Street,2
Signed Boot,2
Signed Glove,2
Simba,2
Slimer,2
Solo Leveling,2
Splinter,2
Sports Watch,2
Stan,2
Street Fighter,2
String Lights,2
Strongheart,2
Stud Earring Set,2
Suicide Squad,2
Synja Patrol Bot,2
TMNT III,2
Tarman,2
Ted Lasso,2
Tekken 8,2
Thanksgiving,2
The Blues Brothers,2
The Creature,2
The Curse of Frankenstein,2
The Matrix,2
The Phantom,2
The Suicide Squad,2
The Toxic Avenger,2
The Witcher 3: Wild Hunt,2
Thierry Henry,2
Threezero,2
Tie Slide and Cufflink Set,2
Tigger,2
Tinker Bell,2
Tony Montana,2
Tony Stark,2
Trading Card Booster Display,2
Trading Card Game Accessory,2
Trading Card Game Bundle,2
Trading Card Game Deck Collection,2
Trading Card Game Set,2
Trading Card Game Tin,2
Trading Card Portfolio,2
Triceraton,2
Troy Polamalu,2
UEFA,2
Ultimate,2
Ultraman,2
Ultron,2
Valencia CF,2
Vampire: The Masquerade,2
Venom,2
Vinicius Jr,2
Vinyl Figure with Keyring,2
Vision,2
WWE,2
Wall-E,2
Wayward Sons,2
Wembley Stadium,2
Wizarding World,2
Women's Super League,2
Xenomorph XX121,2
Yi,2
Youths,2
Zarak,2
1/10 Scale,1
1/3 Scale,1
1/4 Inch,1
1/8th Scale,1
10.5 Inch,1
12/18 Months,1
12cm,1
16 Centimeter,1
16 x 12 Inch,1
"16"" x 12""",1
16.5 Inch,1
18 Cm,1
18-23 Months,1
18-23 Mths,1
18-23 mths,1
18-24 Months,1
1990 Movie,1
1:10 Scale,1
1:14 Scale,1
1:2 Scale,1
2/3 Years,1
20mm,1
24 Inch,1
3/6 months,1
30 Inch,1
30cm,1
30mm,1
31 Inch,1
34 Inch,1
35mm,1
3D Poster,1
40 Inch,1
40oz,1
43 (EU) / Size 9 (UK),1
5 Points,1
5-6 Inch,1
5-6 Yrs,1
50 Inch,1
50 cm,1
53 cm,1
6.25 Inch,1
60 Inch,1
63 cm,1
70 cm,1
8.25 Inch,1
A Clockwork Orange,1
AFC Richmond,1
AS Roma,1
Aardman Animations,1
Acamar Films,1
Accessories Set,1
Ace Duck,1
Achraf Hakimi,1
Action Figure Collectors Case,1
Action Figure Vehicle,1
Action Figure with Diorama,1
Action Figure with Vehicle,1
Activity Set,1
Adam Wharton,1
Adidas,1
Age 0-1,1
Age 0-3,1
Age 1+,1
Age 10+,1
Age 9+,1
Agent Venom,1
Ahab,1
Aichi Sendou,1
Aladdin,1
Alejandro Garnacho,1
Alex Murphy,1
Alice in Wonderland,1
Alien Warrior,1
Aliens vs Predator,1
Aliens: Fireteam Elite,1
Alisson,1
Alphonse Areola,1
Alphonso Davies,1
Alterian Inc.,1
Amad Diallo,1
Andrew Robertson,1
Angel Di Maria,1
Angus Young,1
Annual Guide,1
Anthony Gordon,1
Antonio Rudiger,1
Apollo Creed,1
Apple Corps,1
April (Nightwatcher),1
April O'Neill,1
Apron,1
Arcade Cabinet,1
Arcade1Up,1
Ardath Bey,1
Ariel,1
Army of Darkness,1
Arne Slot,1
Art Print,1
Artisans of Darkside Collectibles Studio,1
Arya Stark,1
Ash Williams,1
Astley Baker Davies,1
Attack Titan,1
Audi,1
Autograph Book & Pen Set,1
Avatar: The Last Airbender,1
Ave Mujica,1
Avengers Endgame,1
Avocado Solider,1
Ayakashi Triangle,1
BBC,1
BTS,1
Baby Sinclair,1
Babyface Killer,1
Back To The Future,1
Badge Set,1
Badtz-Maru,1
Baek Yoonho,1
Bag Clip,1
Balance Bike,1
Bald Demon,1
Ball,1
Bandit Gremlin,1
Bar Runner,1
Bardock,1
Bat Gremlin,1
Bat-Hound,1
Batgirl,1
Bath Toy,1
Baze Malbus,1
Beanie & Scarf Set,1
Beauty and the Beast,1
Beauty of Horror,1
Beckett Mariner,1
Bedivere,1
Bedroom Sign,1
Beetlejuice Beetlejuice,1
Ben,1
Ben White,1
Bendy Fashion Doll,1
Bert,1
Better Call Saul,1
Beyonder,1
Bianca Barclay,1
Biff Tannen,1
Big Chap,1
Bill and Ted's Excellent Adventure,1
Billy Lee,1
Bingo,1
Birds of Prey,1
Birmingham City FC,1
Black Kyurem ex,1
Black Panther,1
Blue Archive,1
Boar Predator,1
Board Game Expansion,1
Boat Zombie,1
Bob,1
Bob Belcher,1
Bob's Burgers,1
Boca Juniors,1
Bocchi the Rock!,1
Bolton Wanderers FC,1
Bon Jovi,1
Bon Scott,1
Boo,1
Boss Fight Studio,1
Boxing,1
Brad Boimler,1
Brain,1
Broly,1
Brooklyn Nets,1
Buffy the Vampire Slayer,1
Bugs Bunny,1
Build A Figure,1
Building Blocks Set,1
Burning Godzilla,1
CFR Studios,1
Cable Guy,1
Cable Holder,1
Caleb Widogast,1
Calendar & Diary Gift Set,1
Call of Duty: Black Ops 4,1
Candy Corn,1
Candy Corn / Jacob Atkins,1
Candyman,1
Canteen Bottle,1
Capcom,1
Captain Blake,1
Car Air Freshener,1
Car Hanging Accessory,1
Car Sticker,1
Card Sleeve Pack,1
Cardiff City FC,1
Carolina Panthers,1
Caster/Merlin,1
Cat Ghoulie,1
Catwoman,1
Cecilia,1
Cells at Work!,1
Championship,1
Charizard,1
Charlie Bear,1
Charm Set,1
Charm Stopper,1
Cheer Bear,1
Chicago Bears,1
Chio Miyamo,1
Chio's School Road,1
Chirpy,1
Choi Jong-In,1
Chote,1
Christmas Cracker,1
Chun-Li,1
Clay Morrow,1
Cleveland Browns,1
Cobi Toys,1
Coin,1
Coin Purse,1
Collegeville,1
Colorful Stage! Wonderlands×Showtime,1
Colouring Pencil Set,1
Colouring Pencils,1
Comforter,1
Comic,1
Conan,1
Conan the Barbarian,1
Conor Bradley,1
Constantine,1
Cornholio,1
Corpse Bride,1
Crash Bandicoot,1
Creature From the Black Lagoon,1
Croatian First Football League,1
Cryin' Houn',1
Cu Chulainn,1
Cute Little Star,1
Cynthia,1
DC,1
DC Collectibles,1
DC Universe,1
DTM,1
Daewoo,1
Daihannya Nagamitsu,1
Dallas Cowboys,1
Damien,1
Daniel Larusso,1
Dark Horse Deluxe,1
Dart Flight,1
Darts,1
David Kessler,1
Dean Henderson,1
Decapre,1
Deku,1
Dengeki Bunko,1
Denis Law,1
Denver Broncos,1
Der Klown,1
Desk Tidy,1
Desktop Calendar,1
Destro,1
Detroit Lions,1
Devil's Rejects,1
Diamond Select Toys,1
Dice,1
Diecast Replica,1
Diecast Ship,1
Diego,1
Diego Simeone,1
Diorama Accessory Set,1
Diorama Element,1
Disguise,1
Dissidia Final Fantasy,1
Doc Savage,1
Dog Alien,1
Dog Collar,1
Dog Creature,1
Dog Lead,1
Dominic Solanke,1
Don Corleone,1
Don Post Studios,1
Dr. Seuss,1
Dragon,1
Dragon Ball,1
Dreadmon,1
DreamWorks Animation,1
Drinkware Set,1
DuckTales,1
Duggee,1
Duke,1
Duncan Idaho,1
Dustin Henderson,1
EFL League Two,1
EU 42,1
EU 43,1
Eder Militao,1
Ederson,1
Elder Predator,1
Elite Foot Ninja,1
Elite Foot Ninja Guard,1
Elkhorn,1
Elliott,1
Elvira: Mistress of the Dark,1
Elvis Stitch,1
Emboar,1
Emile Smith Rowe,1
Emiliano Martinez,1
Emiliano Martínez,1
Emissary #1,1
Ender Dragon,1
England National Football Team,1
England National Team,1
Ensign D'Vana Tendi,1
Eraser,1
Eren,1
Eren Yeager,1
Ernie,1
Ethan Nwaneri,1
Evie Pig,1
Evil Ash,1
Evil Ed,1
Evil Gremlin,1
Evil Rex-1,1
Ezio,1
Fabio Carvalho,1
Farmer Vincent,1
Fashion Doll,1
Fernando Alonso,1
Ferran Torres,1
Fester,1
Fidget Game,1
Final Fantasy VII,1
Final Fantasy XV,1
Fish Ghoulie,1
Flash,1
Flash Gordon,1
Flasher Gremlin,1
Flask Set,1
Flesh And Blood,1
Fluffy Unicorn,1
Flyboy,1
Foot Ninja Guard,1
Football Association of Wales,1
Fortnite,1
Framed 3D Picture,1
Freddy vs Jason,1
Friendship Bracelet Set,1
Frieza,1
Frodo,1
FuRyu,1
Fugitoid,1
Futurama,1
GNK Dinamo Zagreb,1
Gabby,1
Gabby Cat,1
Gabriel Jesus,1
Gabriel Magalhães,1
Gabriel Martinelli,1
Galatasaray SK,1
Gameqbatorlabs Inc,1
Gamora,1
Gangreene Estates,1
Garchomp,1
Garfello,1
Gears of War,1
Gellert Grindelwald,1
Genghis Frog,1
Genie,1
Germany,1
Ghost Rider,1
Ghostface,1
Ghouliana,1
Gift Tin,1
Giorgi Mamardashvili,1
Glen,1
Glenn,1
Glenn Strange Frankenstein,1
Goatface,1
Gone with the Wind,1
Gonk,1
Good Luck Bear,1
Goofy,1
Goosebumps,1
Grandpa Munster,1
Green Lantern,1
Greta,1
Griff Tannen,1
Grimsword,1
Grog Strongjaw,1
Grumpy,1
Guardian Predator,1
Guerrilla Gorilla,1
Guglielmo Vicario,1
Guitar Hero,1
Gus Fring,1
Hades,1
Halloween 3: Season of the Witch,1
Halloween III: Season of the Witch,1
Halo,1
Hammer Head,1
Hammerhead,1
Han Solo,1
Handheld Game,1
Hanna-Barbera,1
Happy Death Day,1
Harmony Bear,1
HarperCollins Publishers,1
Harry Maguire,1
Harvey Elliott,1
Hatsune Miku: Colorful Stage!,1
Hearts FC,1
Hellblazer,1
Herbert West,1
Hey Duggee,1
Hibernian FC,1
Hit Girl,1
Hockey,1
Hooded Towel,1
Hopper,1
Howard Wolowitz,1
Huntrix,1
Hypnosis Mic,1
I-Chan,1
Ian Wright,1
Ibrahima Konate,1
Ilkay Gundogan,1
Illumination Entertainment,1
Illusive Concepts,1
Indiana Jones,1
Ingot,1
Interactive Camera,1
Interactive Doll,1
Invasion U.S.A.,1
Ipswich Town FC,1
Ivan Drago,1
Ivan Toney,1
JD Fenix,1
Jack,1
Jack Garland,1
Jack Torrance,1
James Justin,1
James Ward-Prowse,1
Jamie,1
Jaromir Jagr,1
Jasmine,1
Jeanne,1
Jeep,1
Jeepers Creepers,1
Jesse Pinkman,1
Jessica Jones,1
Jester Lavorre,1
Jigglypuff,1
Jigsaw Killer,1
Jim Hopper,1
Jimmy Lee,1
Jin,1
Jiro Yamada,1
John Barnes,1
Johnny Lawrence,1
Jon Bon Jovi,1
Jon Snow,1
Jordan Pickford,1
Jorginho,1
Journal,1
Joško Gvardiol,1
Judith Myers,1
Justice League,1
Jérémy Doku,1
K-POP Demon Hunters,1
K-Pop Demon Hunterz,1
KONOSUBA -God's blessing on this wonderful world!,1
Kate Middleton,1
Kazama Iroha,1
Keychain and Pin Badge Set,1
Keyring and Badge Gift Set,1
Kick-Ass,1
Kill Her Goats,1
King Hiss,1
King Magnifico,1
King of Glory,1
Kingsley Coman,1
Kingu,1
Kirby,1
Knight Rider,1
Knocker,1
Kobbie Mainoo,1
Konstantinos Tsimikas,1
Kostas Tsimikas,1
Krang / Shredder,1
Krrsantan,1
Kyle Walker,1
Kylian Mbappé,1
Kylo Ren,1
Lady Jessica Atreides,1
Lady Liberty,1
Lando Norris,1
Lantern,1
Lara Croft,1
Larry,1
Lautaro Martinez,1
Lazio,1
Leandro Trossard,1
Lee Kang In,1
Leech Woman,1
Leeds United FC,1
Lenticular Picture,1
Leny Yoro,1
Leon Goretzka,1
Leonardo Da Vinci,1
Levi Colwill,1
Liam Gallagher,1
Life Size,1
Light-Up Sign,1
Lighter,1
Little Mix,1
Little Tikes,1
Lola,1
Lost Predator,1
Lou Sapphire,1
Love Live!,1
Love Live! School Idol Festival,1
Loveland Frogman,1
Lucas Sinclair,1
Luke,1
Lyrical Monasterio,1
M.A.S.K.,1
MC Swag,1
MTV,1
MacReady,1
Macready,1
Macross Delta,1
Magnet Set,1
Maisie Bear,1
Man Ray,1
Manchester United FC,1
Manuel Akanji,1
Manuel Ugarte,1
Marc Guehi,1
Marcus Rashford,1
Maria Teruyasu,1
Martin Ødegaard,1
Marvel Cinematic Universe,1
Maserati,1
Mash'ems,1
Mask and Hat Set,1
Mason Mount,1
Master Splinter,1
Master/Female Protagonist,1
Mateo Kovacic,1
Matt Hunter,1
Max Kilman,1
Max Mayfield,1
Max Verstappen,1
Mecha Godzilla Kiryu,1
Mega Figure,1
Mega Latias ex,1
Mega Meganium ex,1
Megadeth,1
Mel,1
Memo Pad & Pen Set,1
Memphis Depay,1
Metalhead,1
Metallica,1
Metaluna Mutant,1
Meteora Österreich,1
Mewtwo ex,1
Miami Heat,1
Michael Bublé,1
Michiru Hazama,1
Mickey,1
Micky van de Ven,1
Mighty Red,1
Mikasa Ackerman,1
Mike Wheeler,1
Mikel Merino,1
Miles Morales,1
Milwaukee Bucks,1
Mini Helmet,1
Minipuft,1
Mira,1
Miss Fortune,1
Moana,1
Model Kit,1
Mohammed Kudus,1
Moisés Caicedo,1
Momo Minamoto,1
Mondo Gecko,1
Money Box,1
Monkey Bomb,1
Monopoly,1
Monster High,1
Monsters University,1
Moonbeam,1
Moonchester,1
Morbius,1
Mortal Kombat,1
Motel Hell,1
Motörhead,1
Mouse Mat,1
Mr Hanky,1
Mr. Snuggles,1
Mufasa,1
Mug & Plate Set,1
Mug and Bowl Set,1
Mutant Mayhem,1
My Bloody Valentine,1
My Little Pony,1
MyGO!!!!!,1
Myles Lewis-Skelly,1
Nagini,1
Nakiri Ayame,1
Namco Bandai,1
Nathan Grantham,1
National Geographic,1
National Team,1
Neca,1
Nekomata Okayu,1
Nico Williams,1
Nicolo Barella,1
Nightshade Society,1
Ninja Gaiden,1
Nobody,1
Noni Madueke,1
Norwich City,1
Nott the Brave,1
Odenta Mitsuyo,1
Oderus Urungus,1
Odie,1
Officially Licensed Harry Potter,1
Officially licensed manufacturer not specified,1
Oldham Athletic,1
Oleksandr Zinchenko,1
Omar Marmoush,1
One Punch Man,1
Oogie Boogie,1
Ophelia,1
Otis,1
Otis Driftwood,1
Ousmane Dembele,1
Ousmane Dembélé,1
Oxheart,1
Oz Mini Munchkins,1
Pac-Man,1
Panther Alien,1
Papa Emeritus II,1
Paramount Pictures,1
Patrick,1
Patrick Dorgu,1
Patrick Mahomes,1
Patrick Mahomes II,1
Paul,1
Paul Atreides,1
Paulo Dybala,1
Peacemaker,1
Pelé,1
Pen & Roll Case,1
Pen and Pencil Set,1
Pendant Decoration,1
Penguin,1
Pet Blanket,1
Pet Bowl,1
Phantom of the Opera,1
Pharah,1
Phone Stand,1
Pickle Rick,1
Pillow,1
Pixar,1
Pizza Monster,1
Planet of the Apes,1
Play Arts KAI,1
Playset,1
Plush Cushion,1
Plush Football,1
Point Blank,1
Pokemon Company,1
Poland,1
Polo,1
Porsche,1
Portsmouth FC,1
Posey,1
Power Rangers,1
Pre-Order,1
Presnel Kimpembe,1
Price 101,1
Price 102,1
Price 105,1
Price 1095,1
Price 117,1
Price 123,1
Price 127,1
Price 128,1
Price 130,1
Price 132,1
Price 139,1
Price 140,1
Price 141,1
Price 148,1
Price 156,1
Price 157,1
Price 158,1
Price 160,1
Price 165,1
Price 1681,1
Price 169,1
Price 170,1
Price 173,1
Price 179,1
Price 180,1
Price 185,1
Price 1870,1
Price 189,1
Price 1915,1
Price 193,1
Price 198,1
Price 200,1
Price 201,1
Price 206,1
Price 2108,1
Price 2128,1
Price 220,1
Price 2212,1
Price 2239,1
Price 225,1
Price 2254,1
Price 227,1
Price 232,1
Price 240,1
Price 266,1
Price 2664,1
Price 270,1
Price 278,1
Price 279,1
Price 295,1
Price 300,1
Price 408,1
Price 455,1
Price 460,1
Price 465,1
Price 481,1
Price 498,1
Price 514,1
Price 515,1
Price 61,1
Price 678,1
Price 730,1
Price 75,1
Price 761,1
Price 779,1
Price 80,1
Price 81,1
Price 834,1
Price 84,1
Price 848,1
Price 87,1
Professor Jordon Perry,1
Prop Replica Doll,1
Psyduck,1
Pulp Fiction,1
Puppet Master,1
Pygmy Puff,1
Pyramid Posters,1
Queen Elizabeth II,1
R.J. MacReady,1
R2-D2,1
Raheem Sterling,1
Raiser Games,1
Randy Moss,1
Rat Ghoulie,1
Re-Animator,1
Re:CREATORS,1
Red Bull Racing,1
Renet,1
Replica Baseball Bat,1
Replica Doll,1
Replica Helmet,1
Replica Mask,1
Resident Evil,1
Resident Evil 4,1
Rhino Alien,1
Rick,1
Rico Lewis,1
Riddell,1
Riddler,1
Roach,1
Roadblock,1
Robert Lewandowski,1
Robert Pires,1
Robin Buckley,1
Robotic Bebop,1
Robotic Rocksteady,1
Rocket,1
Rocket Raccoon,1
Rocksteady,1
Rodrigo De Paul,1
Roger,1
Roronoa Zoro,1
Rowena Ravenclaw,1
Ruben Amorim,1
Ruin,1
Rumi,1
Ryan Gravenberch,1
Ryan Sessegnon,1
Ryu,1
SAW,1
SYN,1
Saber/Okita Souji,1
Sadio Mane,1
Saekano,1
Safety Helmet & Pad Set,1
Saja Boys,1
Sam Rutherford,1
San Francisco 49ers,1
Sandworm,1
Sanrio Characters,1
Sasuke Uchiha,1
Saul Goodman,1
Savanti Romero,1
Savinho,1
Scaler Figure,1
Scalers,1
Scar,1
Scott Howard,1
Scottish Cup,1
Scout Predator,1
Scream Greats,1
Scrump,1
Scumbug,1
Secret Wars,1
Secret of the Ooze,1
Serge Gnabry,1
Sergio Perez,1
Sergio Ramos,1
Sevilla FC,1
Sgt. D,1
Shaman Predator,1
Sheffield United,1
Sheik,1
Shiki Otei,1
Shiranui Flare,1
Shorts,1
Shredder Clones,1
Shun Lmaoji,1
Signed Jersey,1
Silence of the Lambs,1
Sin,1
Sir Bobby Robson,1
Six Nations,1
Size 3,1
Skullcandy,1
Skye,1
Slash,1
Sling Bag,1
Sloth,1
Snail Games,1
Snake Eyes,1
Snake Predator,1
Snorlax,1
Socrates,1
Son of the Harpy,1
Sons of Anarchy,1
Spider Gremlin,1
Spider-Gwen,1
Spider-Man: Across the Spider-Verse,1
Spike Chunsoft,1
Spikey,1
Spiral: From The Book of Saw,1
SpongeBob,1
Sports Drink Bottle,1
Stalker Predator,1
Stand My Heroes,1
Starlight,1
Stay Puft Marshmallow Man,1
Steel Gunner,1
Steve,1
Steve Harrington,1
Sticker Packet,1
Stoke City FC,1
Stone Heart,1
Stormtroopers of Death,1
Street Sign,1
Stress Toy,1
Strictly Come Dancing,1
Sun Shangxiang,1
Super 7,1
SuperHeroes Inc,1
Superama,1
Superastronaut Entertainment,1
Superb,1
Superb Scale,1
Superboy,1
Superfluous Creations,1
Superfluous or NECA,1
Superform,1
Superheroes Inc.,1
Supermaestro,1
Superplastic,1
Superpower1,1
Sweet Tooth,1
Sword Art Online,1
Synja Commando,1
T-800,1
T-Rex,1
TMNT 1990 Movie,1
Takarazuka Revue,1
Tales of the Teenage Mutant Ninja Turtles,1
Talisman,1
Talking Doll,1
Tea Towel,1
Tech Case,1
Teen Wolf,1
Tekken,1
Tenderheart,1
Terminator,1
Terminator 2,1
Thames & Kosmos,1
Thanos,1
The Aliens,1
The Beast,1
The Beheading Cycle: The Blue Savant And The Nonsense Bearer,1
The Boys,1
The Conjuring,1
The Count,1
The Curse of the Werewolf,1
The Demon,1
The Devil's Rejects,1
The Fog,1
The Great White Shark,1
The Hitchhiker,1
The Howling,1
The Invisible Man,1
The Joker,1
The King of Fighters XV,1
The Last of Us,1
The Legend of the 7 Golden Vampires,1
The Marshmallow Factory,1
The Miner,1
The Mole Man,1
The Nun,1
The Punisher,1
The Purge,1
The Reptile,1
The Scary Closet,1
The School For Good & Evil,1
The Shining,1
The Silence of the Lambs,1
The Simpsons,1
The Starchild,1
The Werewolf,1
The Wolfman,1
Theodore Sodcutter,1
Thibaut Courtois,1
This Island Earth,1
ThreeA,1
Thrustmaster,1
Tie Slide and Cufflinks Set,1
Time Crisis,1
Time Teacher,1
Tin Sign,1
Tiny,1
Titania,1
Todoroki Hajime,1
Tomas Soucek,1
Tomb Raider,1
Tomie,1
Toony Terrors,1
Torbjörn,1
Toshiki Kai,1
Towelie,1
Toy Car,1
Toy Set,1
Toys on Topps,1
Trading Card Booster Box,1
Trading Card Game Accessory Set,1
Trading Card Game Booster,1
Trading Card Game Booster Box,1
Trading Card Game Booster Pack,1
Trading Card Game Deck Set,1
Trading Card Game Supplement,1
Training Equipment Gift Set,1
Travel Mat,1
Trent Alexander-Arnold,1
Triceraton Gladiator,1
Trick 'R Treat,1
Trick OR Treat Studios,1
Trick R Treat,1
Triss Merigold,1
Turkish Super League,1
Twickenham Stadium,1
Twisted Metal,1
Tyrion Lannister,1
UEFA Women's Championship,1
UEFA Women's European Championship,1
UVS Games,1
Ubisoft,1
Universal Classic Monsters,1
Universal Studios,1
Unknown,1
Utrom,1
Valak,1
Valentino,1
Vampira,1
Vania,1
Variant,1
Vax'ildan,1
Vecna,1
Vegas Golden Knights,1
Vehicle Replica,1
Vex,1
Vex'ahlia,1
Vi,1
Vic Rattlehead,1
Vinyl Action Figure,1
Vinyl Figure Set,1
Vinyl Mask,1
Virgil Van Dijk,1
Vocaloid,1
Voldemort,1
Volibear,1
Vox Machina,1
Walkie Talkie Set,1
Wall Breaker,1
Wall Sticker Set,1
Wallace & Gromit,1
Walter White,1
Warduke,1
Warmonger,1
Warner Bros Television,1
Warner Bros. Entertainment,1
Warpig,1
Warrior Predator,1
Wash Bag,1
Wasp,1
Werewolf,1
Werewolf of London,1
Wesley Fofana,1
Wexter,1
White Blood Cell (Neutrophil),1
White Lily Musketeer,1
White Walker,1
Wigan Athletic FC,1
Will Byers,1
William Saliba,1
Willie Nelson,1
Willy,1
Wilson,1
Wingnut,1
Wolverhampton Wanderers,1
Wolverine,1
XS,1
Y'shtola,1
Yamambagiri Kunihiro,1
Yellowstone,1
YouTooz,1
Yuki Hanzomon,1
Yuzuki Chaco,1
Yuzuru Kurenai,1
Zaire-Emery,1
Zak the Neutrino,1
Zero Tendo,1
Ziggy Stardust,1
Zoey,1
Zog,1
Zoidberg,1
Zombie,1
Zombo,1
adidas,1
Álvaro Morata,1
